predictor,raw_coef,std_coef,p_value,significant
Familiarity,0.12177043270588113,0.1134397528006826,1.8335512432019519e-06,***
Opinion,0.003978923835503431,0.024520016011397857,0.15956205244845717,
Consideration,0.6971117668299045,0.6238571308359339,6.569191888568896e-107,***
Magic & Enchantment,0.03573061996127713,0.02428904422466213,0.5664831426715521,
Affordability,0.021412019315931372,0.02534198179538869,0.2734228118894257,
Family & Kids Appeal,0.031750579290783995,0.02259744519681358,0.5510548691923048,
Experience & Innovation,0.16513014745028876,0.11584414605655272,0.0038259167304453387,**
Crowd Management,0.003156254679037257,0.003470837917791762,0.8744184978617575,
