,awareness,familiarity,opinion,consideration,likelihood,intent,func_convenience,func_value,func_quality,func_variety,func_reliability,emot_excitement,emot_relaxation,emot_connection,emot_authenticity,emot_memorable
count,500.0,492.0,500.0,500.0,500.0,500.0,334.0,334.0,334.0,334.0,334.0,334.0,334.0,334.0,334.0,334.0
mean,5.353,5.862804878048781,5.542,5.32,6.836,6.078,2.9026946107784433,5.686377245508982,5.017215568862276,5.594311377245509,5.473053892215569,4.451347305389222,5.6482035928143715,5.290044910179641,5.205089820359281,5.226047904191617
std,1.5549040011865078,1.2704452843415523,1.4395765910583036,1.6127000971062204,1.8387130639289333,1.0374577761405759,0.9405569477298124,1.0791123819760997,1.3039711930519917,1.2565494384789009,1.3403615273924923,1.0815864553507142,0.8628361679483456,1.023437832981085,1.2139100541373333,1.3199592577586405
min,1.0,1.0,1.0,1.0,1.0,2.5,1.0,1.0,1.0,1.0,1.0,1.0,3.0,1.0,1.0,1.0
25%,4.0,5.5,5.5,4.0,7.0,5.5,2.5,5.125,4.0,5.5,4.375,3.625,5.0,4.75,4.5,4.0
50%,5.5,5.5,5.5,5.5,8.0,6.25,3.0,5.5,5.5,5.5,5.5,4.375,5.75,5.5,5.5,5.5
75%,7.0,7.0,7.0,7.0,8.0,6.75,3.5,6.625,5.5,7.0,7.0,5.125,6.0,5.875,6.0,5.5
max,7.0,7.0,7.0,7.0,8.0,7.5,5.0,7.0,7.0,7.0,7.0,7.0,7.0,7.0,7.0,7.0
