factor,std_coef,p_value,significant,variance_explained,n_attributes
Personal Comfort,0.03394454818205884,0.06468953939963268,False,0.07618862395925285,4
Family Appeal,-0.05945163948970177,0.0008291106927607039,True,0.16798578070517117,7
Innovation & Thrills,-0.09252359141628673,1.143937546979896e-06,True,0.15225290570429117,10
Disney Magic,-0.12511836152253136,2.0649380587951276e-09,True,0.23514089008357153,15
