Measure,Value
R-squared,0.3521065233273929
Adj. R-squared,0.3420460656150853
F-statistic,34.99905604658919
F p-value,1.482891059616959e-28
AIC,799.4606435365524
BIC,822.2187251868573
N,328.0
