total_effect,direct_effect,indirect_effect,path_a,path_b,proportion_mediated
0.2572896509659259,-0.14877815831790378,0.40606780928382996,0.6511443716586232,0.6236217756892783,1.578251623255564
