predictor,beta,se,z,pvalue,significance
const,-2.7755575615628914e-17,0.04478791262190271,-6.1971130134909565e-16,0.9999999999999996,
awareness,-0.14495577479499347,0.06259235948756772,-2.315870115485661,0.021193169321530623,*
familiarity,-0.025699093956168238,0.07546904472283349,-0.34052496689934736,0.7336832765521122,
consideration,0.6090901819627212,0.06865493149440863,8.871761557468403,5.072430184512024e-17,***
functional,0.0886122054801536,0.10310918272721485,0.8594016860223362,0.3907582816480446,
emotional,0.034780297271788156,0.10061774957850218,0.3456676124986526,0.7298182467133161,
