Scale,Cronbach_Alpha
Funnel,0.7067191885372971
Functional Benefits,0.8556521212075373
Emotional Benefits,0.9050470606828198
