audience,Disney Magic,Personal Comfort,Innovation & Thrills,Family Appeal
A. Young Families,-0.03476297130339854,0.19923026491219173,0.09277609453941571,-0.024317729129661587
B. Older Families,-0.08951624344862567,0.04381018178777825,0.05806644432129659,0.043971782189044364
C. Adults 18-34 (no kids in HH),-0.04185906254187235,0.001116528964616354,-0.210772590366187,-0.013554380544421697
D. Couples 18-34 (no kids in HH),-0.027946827195745736,-0.08068298512454562,-0.06132056796058921,-0.04179756437182695
E. Adults 35+ (no kids in HH),0.1932068913471551,-0.16273428922538,0.12070197412911333,0.035536362934436634
