audience,Magic & Enchantment,Affordability,Family & Kids Appeal,Experience & Innovation,Crowd Management
A. Young Families,4.090909090909091,2.213636363636364,4.063131313131313,3.68030303030303,2.059090909090909
B. Older Families,4.0576923076923075,2.3136363636363635,4.02929292929293,3.7166666666666663,2.05
C. Adults 18-34 (no kids in HH),4.127972027972028,2.422727272727273,4.021717171717172,3.7810606060606062,2.2045454545454546
D. Couples 18-34 (no kids in HH),4.024825174825175,2.45,3.9646464646464645,3.700378787878788,2.227272727272727
E. Adults 35+ (no kids in HH),3.836059867734076,2.1493212669683257,3.7496229260935143,3.5041478129713424,2.0361990950226243
