Segment,Start_Wave1,End_Wave6,Trend_Slope,Direction
A. Young Families,3.9908256880733943,4.295918367346939,0.052511486330637624,↑
B. Older Families,3.7966101694915255,4.16,0.03697740021324014,↑
C. Adults 18-34 (no kids in HH,4.101010101010101,4.092783505154639,-0.011572671805366697,↓
D. Couples 18-34 (no kids in H,4.3076923076923075,4.0606060606060606,-0.03863459631022792,↓
E. Adults 35+ (no kids in HH),3.559322033898305,3.536082474226804,0.00884905840925021,→
