predictor,beta,raw_coef,std_error,p_value,significant
Familiarity,0.1060295436341954,0.11381603969667135,0.025339292834941275,7.81691535151261e-06,True
Opinion,0.027086439175932557,0.004395383690040578,0.0028176675104305215,0.11906426039031685,False
Consideration,0.6171536059770709,0.6896210997727076,0.028209157350082684,1.211581735673362e-105,True
Family Bonding,0.166743275626504,0.17526515288117162,0.02478070955980822,2.7084871532200185e-12,True
Value Access,0.06863676017800943,0.07905145719371452,0.020144416249109644,9.243935173000694e-05,True
Innovation Thrills,-0.0248619100983028,-0.030703891295934514,0.021413128633179963,0.15189206039544664,False
Affordability,0.01738019794010195,0.021691040025121944,0.021544927683823108,0.3142624931706144,False
