Path,Beta,p_value,Sample_n
Familiarity → Opinion,0.679026599513141,0.0,3260
Opinion → Consideration,0.4790188456472169,2.0070748823500657e-180,3260
Consideration → Likelihood,0.60611640256876,4.0779072328901015e-284,3260
Opinion → Likelihood (direct),0.18612022291628275,6.845907349111595e-33,3260
Familiarity → Likelihood (direct),0.09809282185834499,1.7941681324771135e-11,3260
Functional → Likelihood,0.14433145097924288,0.0001005227627605523,1096
Emotional → Likelihood,-0.018936924248176647,0.5969367226287005,1096
