Segment,n,Beta,p-value,R²
A. Young Families,38,0.8688729201747726,5.158026565687177e-06,0.4427990708478511
B. Older Families,40,0.559320642218256,0.00022339394779648635,0.3044900160989876
C. Adults 18-34 (no kids in HH),30,0.8515046513315119,8.763784343702202e-08,0.6462916722904576
D. Couples 18-34 (no kids in HH),32,0.8565282775930547,2.3150112816408054e-11,0.7793880837359098
E. Adults 35+ (no kids in HH),37,0.7915799666402503,2.027096223413622e-12,0.7609246861505977
