Model,Sample_n,R_squared,Adj_R_squared
Funnel Only (full sample),535,0.640203747679583,0.638171000491332
Funnel Only (benefits sample),177,0.627429623696978,0.6209688657264054
Benefits Only,177,0.5015643688744326,0.4958352236890812
Full Model (Funnel+Benefits),177,0.6630447501748149,0.653192257489868
