metric,funnel_only,full_model
R-squared,0.6698743764383535,0.6815644627477477
Adjusted R-squared,0.6689674379120851,0.6795157046955733
AIC,1988.8618116973482,1957.347504754304
BIC,2008.85950156738,1997.3428844943678
F-statistic,738.610564041927,332.6720117216283
n,1096.0,1096.0
