Model,R_squared,Adj_R_squared
Funnel Only,0.627429623696978,0.6209688657264054
Benefits Only,0.5015643688744326,0.4958352236890812
Full Model,0.6630447501748149,0.653192257489868
