Path,Beta,p_value,Sample_n
Familiarity → Opinion,0.6370728625084922,2.978581106906587e-62,535
Opinion → Consideration,0.41807420359243924,3.50758123140318e-26,535
Consideration → Likelihood,0.5839754355663178,2.5850466258375945e-42,535
Opinion → Likelihood (direct),0.1979991337376026,1.9204193725441548e-07,535
Familiarity → Likelihood (direct),0.09139958066104449,0.014696492313777915,535
Functional → Likelihood,0.3054194559304018,0.0029864032292232757,177
Emotional → Likelihood,-0.021960146182061404,0.8171099175801921,177
