Model,Sample_n,R_squared,Adj_R_squared
Funnel Only (6-wave),3260,0.6761404747925899,0.6758420784241554
Funnel Only (benefits sample),1096,0.6698743764383536,0.6689674379120853
Benefits Only,1096,0.39815849646935586,0.3970572311381012
Full Model (Funnel+Benefits),1096,0.6780447793285355,0.6765679205181159
Model with Wave Effect,3260,0.6762576413821377,0.6758598013101035
