Segment,n,Beta,p-value,R²
A. Young Families,657,0.8034610016065842,1.8691035637999583e-128,0.588623702410913
B. Older Families,653,0.7467529164141136,1.5029444563307223e-123,0.576433979217734
C. Adults 18-34 (no kids in HH),650,0.7937229422612163,7.098154596873101e-160,0.6740293757614644
D. Couples 18-34 (no kids in HH),650,0.7892671551613739,2.1518098683809068e-134,0.609376560786735
E. Adults 35+ (no kids in HH),650,0.8260158893668361,4.359204976518187e-176,0.7094797317015351
