segment,n,r_squared,beta_familiarity,sig_familiarity,beta_opinion,sig_opinion,beta_consideration,sig_consideration,beta_Core TDL Experience,sig_Core TDL Experience,beta_Value Accessibility,sig_Value Accessibility,beta_Thrills Innovation,sig_Thrills Innovation,beta_Family Kids Focus,sig_Family Kids Focus
A. Young Families,220,0.6896270401977556,0.062459527193329444,False,0.15102282630951464,True,0.6133561531672904,True,0.06411855262675259,False,0.08995861817271623,True,-0.03662605529969185,False,0.003787109450198336,False
B. Older Families,220,0.623721431467799,-0.056348195440110244,False,0.0059967478151205945,False,0.5820414643218114,True,0.2961518708387797,True,0.06805140312530246,False,0.01383633399358078,False,0.045006649389559894,False
C. Adults 18-34 (no kids in HH),220,0.6513077206352633,0.26667931613226536,True,0.0773240604710889,False,0.4763165246894818,True,0.08868773071866021,False,0.03870614861102312,False,0.08356119080614369,True,0.09362168085482618,True
D. Couples 18-34 (no kids in HH),220,0.7002430035454086,0.07016198223814758,False,0.025666718265679123,False,0.6449375755444624,True,0.1758666171630012,True,0.07130935361833565,False,0.06555177170125552,False,0.027802101703568338,False
E. Adults 35+ (no kids in HH),221,0.7604036575957923,0.12972849121247132,True,-0.012702700467291876,False,0.6847876303033472,True,0.13913540501519445,True,0.059206093904793734,False,-0.019464159633738876,False,-0.08304171999565466,True
