path,n,auc,cv_auc_mean,cv_auc_std,regularization_C,coef_familiarity_tb,coef_opinion_tb,coef_consideration_tb,coef_factor_Core_Experience,coef_factor_Value_Accessibility,coef_factor_Thrills_Innovation,coef_factor_Family_Kids
Familiarity -> Opinion,3260,0.8020899218898837,0.8020899218898838,0.013084319635549426,0.005994842503189409,1.8812796292528067,,,,,,
Fam+Opinion -> Consider,3260,0.8841633942444539,0.8842835971104943,0.008801276896064908,0.005994842503189409,0.84966145759439,1.4723174782896162,,,,,
Full Funnel -> Likelihood,3260,0.9309129117833146,0.9230943476090576,0.007524460125646292,0.005994842503189409,0.09235241782212614,0.8752507980671045,1.8380969649540981,,,,
Funnel + Factors -> Likelihood,1096,0.9424226971396783,0.9410543081123419,0.015698396134143963,2.782559402207126,0.3210137018080816,1.5175967925629363,2.948463239565034,0.546713196363243,0.0,-0.004397128601145997,0.17329041115371402
