metric,funnel_only,full_model
R-squared,0.6589901870005468,0.6770014101521096
Adjusted R-squared,0.6580576168647233,0.6749328007020317
AIC,2039.1664695450977,1987.422580013999
BIC,2059.1823660919886,2027.4543731077806
F-statistic,706.6387413517618,327.27367175403197
n,1101.0,1101.0
