segment,n,n_positive,positive_rate,auc,cv_auc,coef_familiarity_tb,coef_opinion_tb,coef_consideration_tb
A. Young Families,657,301.0,0.4581430745814307,0.9233080742095635,0.9212108336112607,0.5141855019531125,0.9717921454243345,1.9572140140441827
B. Older Families,653,221.0,0.33843797856049007,0.9218357214680745,0.9186424388228719,0.13241524723744905,1.4744692345858394,1.741025858195099
C. Adults 18-34 (no kids in HH),650,274.0,0.42153846153846153,0.9371651265724493,0.9289466595782386,0.11562822471645617,1.246986576772834,2.20517819973802
D. Couples 18-34 (no kids in HH),650,282.0,0.4338461538461538,0.9102393617021276,0.9099420501457273,0.43820427821447483,1.0431557114618246,1.7971738410839389
E. Adults 35+ (no kids in HH),650,135.0,0.2076923076923077,0.9621574973031283,0.9617044228694713,1.1805491660683083,1.6758621633837487,3.537691491045021
