predictor,beta,raw_coef,std_error,p_value,significant
Familiarity,0.07565660340348657,0.08210286764059624,0.026840333933572214,0.0022755781680532665,True
Opinion,0.1116100061287618,0.1409792807907816,0.03578779975488002,8.692042945081154e-05,True
Consideration,0.5865924633540341,0.6569789469926527,0.029365260505731145,1.648863546434525e-91,True
Core TDL Experience,0.12621362627271812,0.1323243825538407,0.026645208876230706,7.924196963876283e-07,True
Value Accessibility,0.07061306698333751,0.08115730322438641,0.01999894766006082,5.301536194270306e-05,True
Thrills Innovation,0.021475221082396117,0.02643339294114797,0.02122674884694415,0.2132944248719678,False
Family Kids Focus,0.019519951155602063,0.024266888079840676,0.02136411951648587,0.2562606133312181,False
