Path,Beta,p_value
Familiarity → Opinion,0.6576384176757735,2.7005245508364717e-23
Opinion → Consideration,0.3815757020511029,8.635727305775642e-08
Consideration → Likelihood,0.5731581129499564,1.7942141149552698e-14
Opinion → Likelihood (direct),0.23928205953146983,0.0004518110523212844
Familiarity → Likelihood (direct),0.05275966892553668,0.4397364779943814
Functional → Likelihood,0.3054194559304018,0.0029864032292232713
Emotional → Likelihood,-0.021960146182061404,0.8171099175801921
