Segment,n,Beta,p-value,R²
A. Young Families,109,0.7902865856181173,4.369195320371732e-18,0.5060914698733171
B. Older Families,118,0.676355205318806,8.843592149227242e-17,0.4506952939786736
C. Adults 18-34 (no kids in HH),99,0.7589881550865628,2.0454359377883668e-24,0.6593791182616633
D. Couples 18-34 (no kids in HH),91,0.7578754130223049,7.68213322886685e-23,0.6648491857175625
E. Adults 35+ (no kids in HH),118,0.8609157679062461,2.068784365701371e-35,0.7367443772847917
