,TDL,TDS,USJ,TDL_vs_USJ,TDL_vs_TDS
Familiarity,3.9245454545454543,3.836969696969697,3.5424242424242425,0.38212121212121186,0.08757575757575742
Opinion,4.218893304799756,4.177176253460473,4.075719649561952,0.14317365523780357,0.041717051339282385
Consideration,3.9948484848484846,3.96,3.836060606060606,0.1587878787878787,0.034848484848484684
Likelihood,3.904848484848485,3.873939393939394,3.8075757575757576,0.09727272727272718,0.030909090909090775
