,TDL,TDS,USJ,TDL_vs_USJ,TDL_vs_TDS
Familiarity,3.8743068391866915,3.765249537892791,3.5046210720887245,0.36968576709796697,0.10905730129390045
Opinion,4.239776951672862,4.184210526315789,4.086206896551724,0.15357005512113808,0.0555664253570729
Consideration,3.9722735674676524,3.9297597042513863,3.809611829944547,0.1626617375231052,0.042513863216266046
Likelihood,3.898336414048059,3.8743068391866915,3.809611829944547,0.0887245841035118,0.024029574861367475
