variable,n,top_box_pct,top_box_n
familiarity,3260,33.83435582822086,1103.0
opinion,3260,44.47852760736196,1450.0
consideration,3260,36.07361963190184,1176.0
likelihood,3260,37.20858895705522,1213.0
